{
  "title": "OpsBro agent info",
  "width": 144,
  "version": 1,
  "stdout": [
    [
      0.006297,
      "$ opsbro agent info"
    ],
    [
      6.1e-05,
      "\r\n"
    ],
    [
      0.3,
      "\u001b[96m────────────\u001b[0m\u001b[93m OpsBro Daemon \u001b[0m\u001b[96m─────────────────────────────────────────────────────\u001b[0m"
    ],
    [
      5.2e-05,
      "\r\n"
    ],
    [
      8.1e-05,
      "\u001b[94m - Name:            \u001b[0m\u001b[92m18a62a629d36\u001b[0m"
    ],
    [
      3.8e-05,
      "\r\n"
    ],
    [
      0.00012,
      "\u001b[94m - Display name:    \u001b[0m\u001b[92m18a62a629d36\u001b[0m"
    ],
    [
      3.9e-05,
      "\r\n"
    ],
    [
      7.3e-05,
      "\u001b[94m - Uuid:            \u001b[0m\u001b[92mece44b5790bc2e334b9bd97d7d8805c661e87f9d\u001b[0m"
    ],
    [
      3.7e-05,
      "\r\n"
    ],
    [
      7e-05,
      "\u001b[94m - Groups:          \u001b[0m\u001b[92mcountry::FR,debian,docker-container,kvm,linux\u001b[0m"
    ],
    [
      3.6e-05,
      "\r\n"
    ],
    [
      6.8e-05,
      "\u001b[94m - Version:         \u001b[0m\u001b[92m0.4b1\u001b[0m"
    ],
    [
      3.6e-05,
      "\r\n"
    ],
    [
      0.000115,
      "\u001b[94m - Pid:             \u001b[0m\u001b[92m4890\u001b[0m"
    ],
    [
      3.9e-05,
      "\r\n"
    ],
    [
      6.7e-05,
      "\u001b[94m - Port:            \u001b[0m\u001b[92m6768\u001b[0m"
    ],
    [
      3.6e-05,
      "\r\n"
    ],
    [
      6.8e-05,
      "\u001b[94m - Addr:            \u001b[0m\u001b[92m172.17.0.2\u001b[0m"
    ],
    [
      3.5e-05,
      "\r\n"
    ],
    [
      6.7e-05,
      "\u001b[94m - Zone:            \u001b[0m\u001b[92minternet\u001b[0m"
    ],
    [
      3.5e-05,
      "\r\n"
    ],
    [
      6.9e-05,
      "\u001b[94m - Socket:          \u001b[0m\u001b[92m/var/lib/opsbro/opsbro.sock\u001b[0m"
    ],
    [
      7e-05,
      "\r\n"
    ],
    [
      6.9e-05,
      "\u001b[94m - Threads:         \u001b[0m\u001b[92m29\u001b[0m"
    ],
    [
      3.5e-05,
      "\r\n"
    ],
    [
      9.3e-05,
      "\u001b[96m────────────\u001b[0m\u001b[93m HTTP (LAN) \u001b[0m\u001b[96m────────────────────────────────────────────────────────\u001b[0m"
    ],
    [
      3.6e-05,
      "\r\n"
    ],
    [
      6.7e-05,
      "\u001b[94m - Threads:         \u001b[0m\u001b[92m64\u001b[0m"
    ],
    [
      3.5e-05,
      "\r\n"
    ],
    [
      6.5e-05,
      "\u001b[94m - Idle_threads:    \u001b[0m\u001b[92m64\u001b[0m"
    ],
    [
      3.6e-05,
      "\r\n"
    ],
    [
      0.000104,
      "\u001b[94m - Queue:           \u001b[0m\u001b[92m0\u001b[0m"
    ],
    [
      3.5e-05,
      "\r\n"
    ],
    [
      8.6e-05,
      "\u001b[96m────────────\u001b[0m\u001b[93m HTTP (Unix Socket) \u001b[0m\u001b[96m────────────────────────────────────────────────\u001b[0m"
    ],
    [
      3.6e-05,
      "\r\n"
    ],
    [
      6.7e-05,
      "\u001b[94m - Threads:         \u001b[0m\u001b[92m8\u001b[0m"
    ],
    [
      3.5e-05,
      "\r\n"
    ],
    [
      6.6e-05,
      "\u001b[94m - Idle_threads:    \u001b[0m\u001b[92m7\u001b[0m"
    ],
    [
      3.5e-05,
      "\r\n"
    ],
    [
      0.000106,
      "\u001b[94m - Queue:           \u001b[0m\u001b[92m0\u001b[0m"
    ],
    [
      3.6e-05,
      "\r\n"
    ],
    [
      8.5e-05,
      "\u001b[96m────────────\u001b[0m\u001b[93m DNS \u001b[0m\u001b[96m───────────────────────────────────────────────────────────────\u001b[0m"
    ],
    [
      4e-05,
      "\r\n"
    ],
    [
      7.3e-05,
      "\u001b[94m - Enabled_if_group: \u001b[0m\u001b[92mdns-listener\u001b[0m"
    ],
    [
      3.5e-05,
      "\r\n"
    ],
    [
      6.5e-05,
      "\u001b[94m - Port:            \u001b[0m\u001b[92m6766\u001b[0m"
    ],
    [
      3.6e-05,
      "\r\n"
    ],
    [
      0.000101,
      "\u001b[94m - Domain:          \u001b[0m\u001b[92m.opsbro\u001b[0m"
    ],
    [
      3.6e-05,
      "\r\n"
    ],
    [
      8.2e-05,
      "\u001b[96m────────────\u001b[0m\u001b[93m Websocket \u001b[0m\u001b[96m─────────────────────────────────────────────────────────\u001b[0m"
    ],
    [
      3.6e-05,
      "\r\n"
    ],
    [
      7.2e-05,
      "\u001b[94m - Enabled:         \u001b[0m\u001b[92mTrue\u001b[0m"
    ],
    [
      3.6e-05,
      "\r\n"
    ],
    [
      6.5e-05,
      "\u001b[94m - Port:            \u001b[0m\u001b[92m6769\u001b[0m"
    ],
    [
      3.5e-05,
      "\r\n"
    ],
    [
      9.7e-05,
      "\u001b[94m - Nb connexions:   \u001b[0m\u001b[92m0\u001b[0m"
    ],
    [
      3.7e-05,
      "\r\n"
    ],
    [
      8.2e-05,
      "\u001b[96m────────────\u001b[0m\u001b[93m Graphite \u001b[0m\u001b[96m──────────────────────────────────────────────────────────\u001b[0m"
    ],
    [
      3.6e-05,
      "\r\n"
    ],
    [
      7.7e-05,
      "\u001b[94m - Enabled:         \u001b[0m\u001b[92mFalse\u001b[0m"
    ],
    [
      3.6e-05,
      "\r\n"
    ],
    [
      6.5e-05,
      "\u001b[94m - Port:            \u001b[0m\u001b[92m2003\u001b[0m"
    ],
    [
      3.5e-05,
      "\r\n"
    ],
    [
      6.5e-05,
      "\u001b[94m - Udp:             \u001b[0m\u001b[92mTrue\u001b[0m"
    ],
    [
      7.1e-05,
      "\r\n"
    ],
    [
      6.7e-05,
      "\u001b[94m - Tcp:             \u001b[0m\u001b[92mTrue\u001b[0m"
    ],
    [
      3.5e-05,
      "\r\n"
    ],
    [
      8.2e-05,
      "\u001b[96m────────────\u001b[0m\u001b[93m Statsd \u001b[0m\u001b[96m────────────────────────────────────────────────────────────\u001b[0m"
    ],
    [
      3.6e-05,
      "\r\n"
    ],
    [
      7e-05,
      "\u001b[94m - Enabled:         \u001b[0m\u001b[92mFalse\u001b[0m"
    ],
    [
      3.5e-05,
      "\r\n"
    ],
    [
      6.5e-05,
      "\u001b[94m - Port:            \u001b[0m\u001b[92m8125\u001b[0m"
    ],
    [
      3.6e-05,
      "\r\n"
    ],
    [
      0.000131,
      "\u001b[94m - Interval:        \u001b[0m\u001b[92m10\u001b[0m"
    ],
    [
      3.6e-05,
      "\r\n"
    ],
    [
      8.1e-05,
      "\u001b[96m────────────\u001b[0m\u001b[93m Collectors \u001b[0m\u001b[96m────────────────────────────────────────────────────────\u001b[0m"
    ],
    [
      3.6e-05,
      "\r\n"
    ],
    [
      9.9e-05,
      "\u001b[94m - apache:          \u001b[0m\u001b[90mFalse\u001b[0m"
    ],
    [
      3.6e-05,
      "\r\n"
    ],
    [
      7e-05,
      "\u001b[94m - blockdevice:     \u001b[0m\u001b[92mTrue\u001b[0m"
    ],
    [
      7.1e-05,
      "\r\n"
    ],
    [
      6.9e-05,
      "\u001b[94m - cpustats:        \u001b[0m\u001b[92mTrue\u001b[0m"
    ],
    [
      3.6e-05,
      "\r\n"
    ],
    [
      6.7e-05,
      "\u001b[94m - diskusage:       \u001b[0m\u001b[92mTrue\u001b[0m"
    ],
    [
      3.6e-05,
      "\r\n"
    ],
    [
      6.7e-05,
      "\u001b[94m - dmidecode:       \u001b[0m\u001b[92mTrue\u001b[0m"
    ],
    [
      3.5e-05,
      "\r\n"
    ],
    [
      6.7e-05,
      "\u001b[94m - geoloc:          \u001b[0m\u001b[92mTrue\u001b[0m"
    ],
    [
      3.9e-05,
      "\r\n"
    ],
    [
      0.000102,
      "\u001b[94m - hypervisor:      \u001b[0m\u001b[92mTrue\u001b[0m"
    ],
    [
      3.6e-05,
      "\r\n"
    ],
    [
      6.7e-05,
      "\u001b[94m - iis:             \u001b[0m\u001b[90mFalse\u001b[0m"
    ],
    [
      3.5e-05,
      "\r\n"
    ],
    [
      6.9e-05,
      "\u001b[94m - interfaces:      \u001b[0m\u001b[90mFalse\u001b[0m"
    ],
    [
      3.6e-05,
      "\r\n"
    ],
    [
      6.7e-05,
      "\u001b[94m - iostats:         \u001b[0m\u001b[92mTrue\u001b[0m"
    ],
    [
      3.5e-05,
      "\r\n"
    ],
    [
      9.9e-05,
      "\u001b[94m - kernelstats:     \u001b[0m\u001b[92mTrue\u001b[0m"
    ],
    [
      3.6e-05,
      "\r\n"
    ],
    [
      6.7e-05,
      "\u001b[94m - loadaverage:     \u001b[0m\u001b[92mTrue\u001b[0m"
    ],
    [
      3.6e-05,
      "\r\n"
    ],
    [
      6.7e-05,
      "\u001b[94m - memory:          \u001b[0m\u001b[92mTrue\u001b[0m"
    ],
    [
