{
  "width": 144,
  "height": 58,
  "duration": 2.903118,
  "stdout": [
    [
      0.005019,
      "$ python setup.py install"
    ],
    [
      7.3e-05,
      "\r\n"
    ],
    [
      0.292983,
      "\u001b[96m────────────\u001b[0m\u001b[93m \u001b[95mInstalling\u001b[0m OpsBro to version \u001b[95m0.4b1\u001b[0m \u001b[0m\u001b[96m────────────────────────────────\u001b[0m"
    ],
    [
      8.8e-05,
      "\r\n"
    ],
    [
      0.000166,
      "\u001b[48;5;234m \u001b[48;5;234m \u001b[48;5;234m \u001b[48;5;234m \u001b[48;5;234m \u001b[48;5;234m \u001b[48;5;234m \u001b[48;5;234m \u001b[48;5;234m \u001b[48;5;234m \u001b[48;5;234m \u001b[48;5;234m \u001b[48;5;234m \u001b[48;5;234m \u001b[48;5;234m \u001b[48;5;234m \u001b[48;5;234m \u001b[48;5;234m \u001b[48;5;234m \u001b[48;5;234m \u001b[48;5;234m \u001b[48;5;234m \u001b[48;5;234m \u001b[48;5;234m \u001b[48;5;234m \u001b[48;5;234m \u001b[48;5;234m \u001b[48;5;234m \u001b[0m\u001b[38;5;208m \u001b[38;5;208m \u001b[38;5;208m┌\u001b[38;5;208m─\u001b[38;5;208m─\u001b[0m\u001b[38;5;48m─\u001b[38;5;48m─\u001b[38;5;48m─\u001b[38;5;48m─\u001b[38;5;48m─\u001b[0m\u001b[38;5;83m─\u001b[38;5;83m─\u001b[38;5;83m─\u001b[38;5;83m─\u001b[38;5;83m─\u001b[0m\u001b[38;5;164m─\u001b[38;5;164m┐\u001b[0m"
    ],
    [
      4.2e-05,
      "\r\n"
    ],
    [
      4.9e-05,
      "\u001b[48;5;234m \u001b[48;5;234m \u001b[48;5;234m \u001b[48;5;234m \u001b[48;5;234m \u001b[48;5;234m \u001b[48;5;234m \u001b[48;5;234m \u001b[48;5;234m \u001b[48;5;234m \u001b[48;5;16m \u001b[48;5;16m \u001b[48;5;16m \u001b[48;5;16m \u001b[48;5;16m \u001b[48;5;16m \u001b[48;5;16m \u001b[48;5;16m \u001b[48;5;16m \u001b[48;5;16m \u001b[48;5;234m \u001b[48;5;234m \u001b[48;5;234m \u001b[48;5;234m \u001b[48;5;234m \u001b[48;5;234m \u001b[48;5;234m \u001b[48;5;234m \u001b[0m  \u001b[38;5;129m│\u001b[0m   \u001b[1m\u001b[94mOps\u001b[0m\u001b[1m\u001b[97m*\u001b[0m\u001b[1m\u001b[91mBro\u001b[0m   \u001b[38;5;33m│\u001b[0m   Version:\u001b[95m0.4b1\u001b[0"
    ],
    [
      4e-05,
      "m"
    ],
    [
      3.3e-05,
      "\r\n"
    ],
    [
      3.9e-05,
      "\u001b[48;5;234m \u001b[48;5;124m \u001b[48;5;124m \u001b[48;5;124m \u001b[48;5;234m \u001b[48;5;234m \u001b[48;5;234m \u001b[48;5;124m \u001b[48;5;124m \u001b[48;5;124m \u001b[48;5;16m \u001b[48;5;16m \u001b[48;5;16m \u001b[48;5;52m \u001b[48;5;88m \u001b[48;5;88m \u001b[48;5;88m \u001b[48;5;88m \u001b[48;5;88m \u001b[48;5;16m \u001b[48;5;234m \u001b[48;5;234m \u001b[48;5;234m \u001b[48;5;234m \u001b[48;5;234m \u001b[48;5;234m \u001b[48;5;234m \u001b[48;5;234m \u001b[0m\u001b[38;5;214m \u001b[38;5;214m \u001b[38;5;214m└\u001b[38;5;214m─\u001b[38;5;214m─\u001b[0m\u001b[38;5;129m─\u001b[38;5;129m─\u001b[38;5;129m─\u001b[38;5;129m─\u001b[38;5;129m─\u001b[0m\u001b[38;5;33m─\u001b[38;5;33m─\u001b[38;5;33m─\u001b[38;5;33m─\u001b[38;5;33m─\u001b[0m\u001b[38;5;208m─\u001b[38;5;208m┘\u001b[0m"
    ],
    [
      3.6e-05,
      "\r\n"
    ],
    [
      3.6e-05,
      "\u001b[48;5;234m \u001b[48;5;234m \u001b[48;5;234m \u001b[48;5;234m \u001b[48;5;124m \u001b[48;5;124m \u001b[48;5;124m \u001b[48;5;234m \u001b[48;5;88m \u001b[48;5;88m \u001b[48;5;88m \u001b[48;5;16m \u001b[48;5;16m \u001b[48;5;88m \u001b[48;5;124m \u001b[48;5;124m \u001b[48;5;124m \u001b[48;5;124m \u001b[48;5;124m \u001b[48;5;234m \u001b[48;5;234m \u001b[48;5;234m \u001b[48;5;234m \u001b[48;5;234m \u001b[48;5;234m \u001b[48;5;234m \u001b[48;5;234m \u001b[48;5;234m \u001b[0m"
    ],
    [
      3.2e-05,
      "\r\n"
    ],
    [
      4.7e-05,
      "\u001b[48;5;234m \u001b[48;5;234m \u001b[48;5;234m \u001b[48;5;234m \u001b[48;5;88m \u001b[48;5;88m \u001b[48;5;88m \u001b[48;5;234m \u001b[48;5;16m \u001b[48;5;16m \u001b[48;5;16m \u001b[48;5;16m \u001b[48;5;16m \u001b[48;5;173m \u001b[48;5;180m \u001b[48;5;180m \u001b[48;5;180m \u001b[48;5;180m \u001b[48;5;180m \u001b[48;5;234m \u001b[48;5;234m \u001b[48;5;234m \u001b[48;5;234m \u001b[48;5;234m \u001b[48;5;234m \u001b[48;5;234m \u001b[48;5;234m \u001b[48;5;234m \u001b[0m"
    ],
    [
      3.5e-05,
      "\r\n"
    ],
    [
      3.7e-05,
      "\u001b[48;5;234m \u001b[48;5;234m \u001b[48;5;234m \u001b[48;5;234m \u001b[48;5;234m \u001b[48;5;180m \u001b[48;5;180m \u001b[48;5;180m \u001b[48;5;16m \u001b[48;5;16m \u001b[48;5;16m \u001b[48;5;131m \u001b[48;5;137m \u001b[48;5;137m \u001b[48;5;137m \u001b[48;5;137m \u001b[48;5;137m \u001b[48;5;137m \u001b[48;5;137m \u001b[48;5;52m \u001b[48;5;180m \u001b[48;5;180m \u001b[48;5;234m \u001b[48;5;234m \u001b[48;5;234m \u001b[48;5;234m \u001b[48;5;234m \u001b[48;5;234m \u001b[0m  \u001b[94mOps\u001b[0m*\u001b[91mBro\u001b[0m goal: solve most common use cases of theses \u001b[1m\u001b[95m6\u001b[0m Topics"
    ],
    [
      6.7e-05,
      "\r\n"
    ],
    [
      4e-05,
      "\u001b[48;5;234m \u001b[48;5;234m \u001b[48;5;234m \u001b[48;5;234m \u001b[48;5;180m \u001b[48;5;180m \u001b[48;5;180m \u001b[48;5;180m \u001b[48;5;52m \u001b[48;5;52m \u001b[48;5;180m \u001b[48;5;180m \u001b[48;5;180m \u001b[48;5;180m \u001b[48;5;180m \u001b[48;5;180m \u001b[48;5;180m \u001b[48;5;180m \u001b[48;5;180m \u001b[48;5;52m \u001b[48;5;180m \u001b[48;5;180m \u001b[48;5;180m \u001b[48;5;180m \u001b[48;5;234m \u001b[48;5;234m \u001b[48;5;234m \u001b[48;5;234m \u001b[0m  \u001b[38;5;164m┏\u001b[38;5;164m \u001b[38;5;"
    ],
    [
      3.9e-05,
      "164ms\u001b[38;5;164me\u001b[38;5;164mr\u001b[38;5;164mv\u001b[38;5;164mi\u001b[38;5;164mc\u001b[38;5;164me\u001b[38;5;164m \u001b[38;5;164md\u001b[38;5;164mi\u001b[38;5;164ms\u001b[38;5;164mc\u001b[38;5;164mo\u001b[38;5;164mv\u001b[38;5;164me\u001b[38;5;164mr\u001b[38;5;164my\u001b[38;5;164m \u001b[38;5;164m \u001b[38;5;164m \u001b[38;5;164m \u001b[38;5;164m \u001b[38;5;164m \u001b[38;5;164m \u001b[0m → \u001b[90mIs there any new servers spawn last few seconds?\u001b[0m"
    ],
    [
      3.3e-05,
      "\r\n"
    ],
    [
      5.2e-05,
      "\u001b[48;5;234m \u001b[48;5;234m \u001b[48;5;234m \u001b[48;5;234m \u001b[48;5;173m \u001b[48;5;173m \u001b[48;5;173m \u001b[48;5;173m \u001b[48;5;52m \u001b[48;5;52m \u001b[48;5;58m \u001b[48;5;58m \u001b[48;5;58m \u001b[48;5;58m \u001b[48;5;58m \u001b[48;5;58m \u001b[48;5;58m \u001b[48;5;58m \u001b[48;5;58m \u001b[48;5;52m \u001b[48;5;173m \u001b[48;5;173m \u001b[48;5;173m \u001b[48;5;173m \u001b[48;5;234m \u001b[48;5;234m \u001b[48;5;234m \u001b[48;5;234m \u001b[0m  \u001b[38;5;129m┗\u001b[38;5;129m \u001b[38;5;129ma\u001b[38;5;129mu\u001b[38;5;129mt\u001b[38;5;129mo\u001b[38;5;129mm\u001b[38;5;129ma\u001b[38;5;129mt\u001b[38;5;129mi\u001b[38;5;129mc\u001b[38;5;129m \u001b[38;5;129md\u001b[38;5;129me\u001b[38;5;129mt\u001b[38;5;129me\u001b[38;5;129mc\u001b[38;5;129mt\u001b[38;5;129mi\u001b[38;5;129mo\u001b[38;5;129mn\u001b[38;5;129m \u001b[38;5;129m \u001b[38;5;129m \u001b[38;5;129m \u001b[38;5;129m \u001b[0m → \u001b[90mIs my server linux or windows, mongodb or redis?\u001b[0m"
    ],
    [
      3.7e-05,
      "\r\n"
    ],
    [
      3.9e-05,
      "\u001b[48;5;234m \u001b[48;5;234m \u001b[48;5;234m \u001b[48;5;234m \u001b[48;5;173m \u001b[48;5;173m \u001b[48;5;173m \u001b[48;5;234m \u001b[48;5;236m \u001b[48;5;236m \u001b[48;5;237m \u001b[48;5;236m \u001b[48;5;236m \u001b[48;5;236m \u001b[48;5;234m \u001b[48;5;234m \u001b[48;5;234m \u001b[48;5;236m \u001b[48;5;236m \u001b[48;5;234m \u001b[48;5;236m \u001b[48;5;236m \u001b[48;5;234m \u001b[48;5;234m \u001b[48;5;234m \u001b[48;5;234m \u001b[48;5;234m \u001b[48;5;234m \u001b[0m  \u001b[38;5;48m┏\u001b[38;5;48m \u001b[38;5;48mm\u001b[38;5;48mo\u001b[38;5;48mn\u001b[38;5;48mi\u001b[38;5;48mt\u001b[38;5;48mo\u001b[38;5;48mr\u001b[38;5;48mi\u001b[38;5;48mn\u001b[38;5;48mg\u001b[38;5;48m \u001b[38;5;48m \u001b[38;5;48m \u001b[38;5;48m \u001b[38;5;48m \u001b[38;5;48m \u001b[38;5;48m \u001b[38;5;48m \u001b[38;5;48m \u001b[38;5;48m \u001b[38;5;48m \u001b[38;5;48m \u001b[38;5;48m \u001b[38;5;48m \u001b[0m → \u001b[90mIs all OK on my server and applications?\u001b[0m"
    ],
    [
      3.3e-05,
      "\r\n"
    ],
