{
  "duration": 2.777396,
  "stdout": [
    [
      0.004709,
      "$ /etc/init.d/opsbro start"
    ],
    [
      6.1e-05,
      "\r\n"
    ],
    [
      0.012292,
      "\r\u001b[95mStarting\u001b[0;39m \u001b[94mOps\u001b[0;39m*\u001b[91mBro\u001b[0;39m: "
    ],
    [
      0.3,
      "\r\u001b[95mStarting\u001b[0;39m \u001b[94mOps\u001b[0;39m*\u001b[91mBro\u001b[0;39m: "
    ],
    [
      0.00013,
      "\u001b[60G"
    ],
    [
      6.2e-05,
      "["
    ],
    [
      0.009358,
      "\u001b[96m"
    ],
    [
      0.000259,
      "⣯"
    ],
    [
      4.1e-05,
      "\u001b[94m initializing\u001b[0;39m]"
    ],
    [
      0.3,
      "\r\u001b[95mStarting\u001b[0;39m \u001b[94mOps\u001b[0;39m*\u001b[91mBro\u001b[0;39m: "
    ],
    [
      0.000117,
      "\u001b[60G"
    ],
    [
      5.8e-05,
      "["
    ],
    [
      0.009777,
      "\u001b[96m"
    ],
    [
      0.000103,
      "⣟"
    ],
    [
      0.000139,
      "\u001b[94m initializing\u001b[0;39m"
    ],
    [
      4e-05,
      "]"
    ],
    [
      0.3,
      "\r\u001b[95mStarting\u001b[0;39m \u001b[94mOps\u001b[0;39m*\u001b[91mBro\u001b[0;39m: "
    ],
    [
      0.000136,
      "\u001b[60G"
    ],
    [
      6.9e-05,
      "["
    ],
    [
      0.010269,
      "\u001b[96m"
    ],
    [
      0.000118,
      "⡿"
    ],
    [
      5e-05,
      "\u001b[94m initializing"
    ],
    [
      0.000144,
      "\u001b[0;39m"
    ],
    [
      3.4e-05,
      "]"
    ],
    [
      0.3,
      "\r\u001b[95mStarting\u001b[0;39m \u001b[94mOps\u001b[0;39m*\u001b[91mBro\u001b[0;39m: "
    ],
    [
      0.000355,
      "\u001b[60G"
    ],
    [
      0.000133,
      "["
    ],
    [
      0.003928,
      "\u001b[96m"
    ],
    [
      0.000687,
      "⢿"
    ],
    [
      0.000163,
      "\u001b[94m"
    ],
    [
      0.000269,
      " initializing\u001b[0;39m]"
    ],
    [
      0.3,
      "\r\u001b[95mStarting\u001b[0;39m \u001b[94mOps\u001b[0;39m*\u001b[91mBro\u001b[0;39m: "
    ],
    [
      0.00098,
      "\u001b[60G"
    ],
    [
      9.9e-05,
      "["
    ],
    [
      0.003351,
      "\u001b[96m"
    ],
    [
      0.000497,
      "⣻\u001b[94m initializing\u001b[0;39m"
    ],
    [
      0.000556,
      "]"
    ],
    [
      0.3,
      "\r\u001b[95mStarting\u001b[0;39m \u001b[94mOps\u001b[0;39m*\u001b[91mBro\u001b[0;39m: "
    ],
    [
      0.000154,
      "\u001b[60G"
    ],
    [
      7e-05,
      "["
    ],
    [
      0.007148,
      "\u001b[96m"
    ],
    [
      0.00011,
      "⣽"
    ],
    [
      7.6e-05,
      "\u001b[94m"
    ],
    [
      6.3e-05,
      " initializing"
    ],
    [
      0.000117,
      "\u001b[0;39m"
    ],
    [
      0.000112,
      "]"
    ],
    [
      0.3,
      "\r\u001b[95mStarting\u001b[0;39m \u001b[94mOps\u001b[0;39m*\u001b[91mBro\u001b[0;39m: "
    ],
    [
      0.000718,
      "\u001b[60G"
    ],
    [
      6.2e-05,
      "["
    ],
    [
      0.003553,
      "\u001b[96m"
    ],
    [
      0.000247,
      "⣾"
    ],
    [
      4e-05,
      "\u001b[94m initializing\u001b[0;39m]"
    ],
    [
      0.3,
      "\r\u001b[95mStarting\u001b[0;39m \u001b[94mOps\u001b[0;39m*\u001b[91mBro\u001b[0;39m: "
    ],
    [
      0.000607,
      "\u001b[60G"
    ],
    [
      7.1e-05,
      "["
    ],
    [
      0.003222,
      "\u001b[96m"
    ],
    [
      0.000204,
      "⣷"
    ],
    [
      5.9e-05,
      "\u001b[94m"
    ],
    [
      6.6e-05,
      " initializing"
    ],
    [
      0.000238,
      "\u001b[0;39m]"
    ],
    [
      0.3,
      "\r\u001b[95mStarting\u001b[0;39m \u001b[94mOps\u001b[0;39m*\u001b[91mBro\u001b[0;39m: "
    ],
    [
      0.000114,
      "\u001b[60G"
    ],
    [
      5.3e-05,
      "["
    ],
    [
      5.6e-05,
      "\u001b[92m"
    ],
    [
      5.1e-05,
      "√ OK"
    ],
    [
      4.9e-05,
      "\u001b[0;39m"
    ],
    [
      4.8e-05,
      "]           "
    ],
    [
      4.6e-05,
      "\r\n"
    ]
  ],
  "command": "/bin/bash test/tutorial-scripts/start.sh",
  "env": {
    "TERM": "xterm",
    "SHELL": null
  },
  "width": 144,
  "version": 1,
  "title": "OpsBro agent start",
  "height": 58
}